{
  "days": [
    {
      "id": "1",
      "day": 1
    },
    {
      "id": "2",
      "day": 2
    },
    {
      "id": "3",
      "day": 3
    }
  ],
  "words": [
    {
      "id": "1",
      "day": 1,
      "eng": "book",
      "kor": "책",
      "isDone": false
    },
    {
      "id": "2",
      "day": 1,
      "eng": "apple",
      "kor": "사과",
      "isDone": false
    },
    {
      "id": "4",
      "day": 2,
      "eng": "pen",
      "kor": "펜",
      "isDone": false
    },
    {
      "id": "5",
      "day": 3,
      "eng": "school",
      "kor": "학교",
      "isDone": false
    },
    {
      "id": "6",
      "day": 3,
      "eng": "pencil",
      "kor": "연필",
      "isDone": false
    },
    {
      "id": "3",
      "day": 2,
      "eng": "bicycle",
      "kor": "자전거",
      "isDone": "false"
    }
  ]
}