<?xml version="1.0" encoding="UTF-8"?>
<!DOCTYPE mapper
PUBLIC "-//mybatis.org//DTD Mapper 3.0//EN"
"http://mybatis.org/dtd/mybatis-3-mapper.dtd">

<mapper namespace="com.human.dao.ICartDao">
<insert id="insert">
insert into Cart
values(cartId_seq.nextval,#{userId},#{productCode},#{orderAmount})
</insert>
<select id="selectAll" resultType="com.human.dto.CartDto">
select * from cart order by cartId
</select>
<select id="selectUser" resultType="com.human.dto.CartDto">
select * from cart where userId=#{id} order by cartId
</select>
<delete id="deleteCart">
delete from cart where cartId=#{cartId}
</delete>
<delete id="deleteProduct">
delete from cart where productCode=#{productCode}
</delete>
<update id="update">
update cart set productImagePath=#{productImagePath},productName=#{productName},orderAmount=#{orderAmount}
 where cartId=#{cartId}
</update>
<select id="selectMaxId" resultType="Integer">
select max(cartId) as cartId from cart
</select>
<!-- <select id="selectAllCustomerHobby" resultType="com.human.dto.CustomerHobbyDto">
select customer.id,name,height,birthday,hobby
 from customer,hobby where customer.id=hobby.id(+)
 </select>--> 
<!-- 
매퍼에 없는 클래스를 요청하면 404에러가 난다
-->

</mapper>