<?xml version="1.0" encoding="UTF-8"?>
<beans xmlns="http://www.springframework.org/schema/beans"
	xmlns:xsi="http://www.w3.org/2001/XMLSchema-instance"
	xmlns:context="http://www.springframework.org/schema/context"
	xsi:schemaLocation="http://www.springframework.org/schema/beans https://www.springframework.org/schema/beans/spring-beans.xsd
	http://www.springframework.org/schema/context http://www.springframework.org/schema/context/spring-context-4.3.xsd">
	
	<!-- Root Context: defines shared resources visible to all other web components -->
	
	<bean
		class="org.springframework.jdbc.datasource.DriverManagerDataSource"
		name="dataSource">
		<property value="oracle.jdbc.driver.OracleDriver" name="driverClassName" />
		<property value="jdbc:oracle:thin:@localhost:1521:xe" name="url" />
		<property value="c##human" name="username" />
		<property value="human" name="password" />
	</bean>

	<bean id="sqlSessionFactory"
		class="org.mybatis.spring.SqlSessionFactoryBean">

		<property name="dataSource" ref="dataSource" />
		<property name="configLocation" value="classpath:/mybatis-config.xml"></property>
		<property name="mapperLocations"
			value="classpath:mappers/**/*Mapper.xml"></property>
	</bean>

	<bean id="sqlSession"
		class="org.mybatis.spring.SqlSessionTemplate"
		destroy-method="clearCache">
		<constructor-arg name="sqlSessionFactory"
			ref="sqlSessionFactory"></constructor-arg>
	</bean>
	<context:component-scan base-package="com.human.service" />		
</beans>
